"タイトル","URL","現在カテゴリ","想定読者","読者の困りごと","検索意図","記事種類","3本柱","アフィリエイト案件ID","案件との一致","SOAM Linkとの一致","関連記事","情報確認日","次回見直し日","必要な処理","統合候補"
"AIを使って副業を始めた人が絶対知っておくべき確定申告の基本","https://media.soam-creative.com/articles/article-01","お金・確定申告","商品やサービスを紹介し、誠実な収益導線を作りたい個人事業主・発信者","読者の課題解決と広告収益を、押し売りにならない形で両立できていない。","「AIを使って副業を始めた人が絶対知っておくべき確定申告の基本」について、判断基準と具体的な進め方を知りたい。","affiliate","必要な人へ届ける","moneyforward-accounting|tax-audit-membership","active案件・記事テーマ一致を確認","主導線にはしない","article-02|article-06|article-07","2026-06-21","2026-07-20","KEEP|ADD_AFFILIATE|REWRITE|REMOVE_LINK_CTA",""
"AIツールのサブスク、経費に落とせる？個人事業主の節税入門","https://media.soam-creative.com/articles/article-02","お金・確定申告","商品やサービスを紹介し、誠実な収益導線を作りたい個人事業主・発信者","読者の課題解決と広告収益を、押し売りにならない形で両立できていない。","「AIツールのサブスク、経費に落とせる？個人事業主の節税入門」について、判断基準と具体的な進め方を知りたい。","affiliate","必要な人へ届ける","moneyforward-accounting","active案件・記事テーマ一致を確認","主導線にはしない","article-01|article-06|article-07","2026-06-21","2026-07-20","KEEP|ADD_AFFILIATE|REWRITE|REMOVE_LINK_CTA",""
"AIだけで副業を始めるとき、最初にやるべき5つのこと","https://media.soam-creative.com/articles/article-03","副業・キャリア","集客や販売を一人で担っている小規模事業者・個人サービス提供者","発信や施策を増やしても、必要な人が次に何をすればよいか伝わっていない。","「AIだけで副業を始めるとき、最初にやるべき5つのこと」について、判断基準と具体的な進め方を知りたい。","marketing","必要な人へ届ける","","表示案件なし","主導線にはしない","article-05|article-11|article-15","2026-06-21","2026-12-17","KEEP|REWRITE|REMOVE_LINK_CTA",""
"うまく書けない人へ。AIを使ったら変わった話","https://media.soam-creative.com/articles/article-04","AI活用","AIを仕事に取り入れたい個人事業主・小規模事業者","AIへ任せる範囲と、人が確認する範囲を分けられず、かえって作業が増えている。","「うまく書けない人へ。AIを使ったら変わった話」について、判断基準と具体的な進め方を知りたい。","ai","一人で回す仕組み","","表示案件なし","主導線にはしない","article-12|article-16|article-19","2026-06-21","2026-12-17","KEEP|REMOVE_AFFILIATE|REWRITE|REMOVE_LINK_CTA",""
"昨日までフリーランスを考えていなかった人が、AIで副業を始めるまでのリアルなステップ","https://media.soam-creative.com/articles/article-05","副業・キャリア","集客や販売を一人で担っている小規模事業者・個人サービス提供者","発信や施策を増やしても、必要な人が次に何をすればよいか伝わっていない。","「昨日までフリーランスを考えていなかった人が、AIで副業を始めるまでのリアルなステップ」について、判断基準と具体的な進め方を知りたい。","marketing","必要な人へ届ける","coconala","active案件・記事テーマ一致を確認","主導線にはしない","article-03|article-11|article-15","2026-06-21","2026-07-20","KEEP|ADD_AFFILIATE|REWRITE|REMOVE_LINK_CTA",""
"副業が育ってきたら考える「法人化」のタイミングと手順","https://media.soam-creative.com/articles/article-06","お金・確定申告","商品やサービスを紹介し、誠実な収益導線を作りたい個人事業主・発信者","読者の課題解決と広告収益を、押し売りにならない形で両立できていない。","「副業が育ってきたら考える「法人化」のタイミングと手順」について、判断基準と具体的な進め方を知りたい。","affiliate","必要な人へ届ける","tax-audit-membership","active案件・記事テーマ一致を確認","主導線にはしない","article-01|article-02|article-07","2026-06-22","2026-07-21","KEEP|ADD_AFFILIATE|REWRITE|REMOVE_LINK_CTA",""
"フリーランスの「初めての請求書」、AIと無料ツールで作る方法","https://media.soam-creative.com/articles/article-07","お金・確定申告","商品やサービスを紹介し、誠実な収益導線を作りたい個人事業主・発信者","読者の課題解決と広告収益を、押し売りにならない形で両立できていない。","「フリーランスの「初めての請求書」、AIと無料ツールで作る方法」について、判断基準と具体的な進め方を知りたい。","affiliate","必要な人へ届ける","mitsumotaro|coconala","active案件・記事テーマ一致を確認","主導線にはしない","article-01|article-02|article-06","2026-06-22","2026-07-21","KEEP|ADD_AFFILIATE|REWRITE|REMOVE_LINK_CTA",""
"インボイス制度って結局どうすれば？AI副業初心者向けにやさしく解説","https://media.soam-creative.com/articles/article-08","お金・確定申告","商品やサービスを紹介し、誠実な収益導線を作りたい個人事業主・発信者","読者の課題解決と広告収益を、押し売りにならない形で両立できていない。","「インボイス制度って結局どうすれば？AI副業初心者向けにやさしく解説」について、判断基準と具体的な進め方を知りたい。","affiliate","必要な人へ届ける","moneyforward-accounting|tax-audit-membership","active案件・記事テーマ一致を確認","主導線にはしない","article-01|article-02|article-06","2026-06-22","2026-07-21","KEEP|ADD_AFFILIATE|REWRITE|REMOVE_LINK_CTA",""
"副業の確定申告で失敗しやすい7つのポイントと対策","https://media.soam-creative.com/articles/article-09","お金・確定申告","商品やサービスを紹介し、誠実な収益導線を作りたい個人事業主・発信者","読者の課題解決と広告収益を、押し売りにならない形で両立できていない。","「副業の確定申告で失敗しやすい7つのポイントと対策」について、判断基準と具体的な進め方を知りたい。","affiliate","必要な人へ届ける","moneyforward-accounting|tax-audit-membership","active案件・記事テーマ一致を確認","主導線にはしない","article-01|article-02|article-06","2026-07-09","2026-08-07","KEEP|ADD_AFFILIATE|REWRITE|REMOVE_LINK_CTA",""
"診断ツールが集客に強い理由と読まれて終わらせない導線設計","https://media.soam-creative.com/articles/article-10","診断ツール活用","診断や質問を使って、顧客の迷いを整理したい小規模事業者・個人サービス提供者","診断結果を見せるだけになり、読者が自分に合う次の行動を選べていない。","「診断ツールが集客に強い理由と読まれて終わらせない導線設計」について、判断基準と具体的な進め方を知りたい。","diagnosis","判断を言葉にする","gleasin","active案件・記事テーマ一致を確認","主導線にはしない","article-14|article-20|article-25","2026-07-10","2026-08-08","KEEP|REWRITE|REMOVE_LINK_CTA",""
"美容サロンの診断ツール入門。来店前に悩みを整理する導線設計","https://media.soam-creative.com/articles/article-11","業界別マーケティング","集客や販売を一人で担っている小規模事業者・個人サービス提供者","発信や施策を増やしても、必要な人が次に何をすればよいか伝わっていない。","「美容サロンの診断ツール入門。来店前に悩みを整理する導線設計」について、判断基準と具体的な進め方を知りたい。","marketing","必要な人へ届ける","localgoat","active案件・記事テーマ一致を確認","主導線にはしない","article-03|article-05|article-15","2026-07-10","2026-08-08","KEEP|REWRITE|REMOVE_LINK_CTA",""
"AIに任せる前に、仕事のどこが重いのかを先に見る","https://media.soam-creative.com/articles/article-12","AI活用","AIを仕事に取り入れたい個人事業主・小規模事業者","AIへ任せる範囲と、人が確認する範囲を分けられず、かえって作業が増えている。","「AIに任せる前に、仕事のどこが重いのかを先に見る」について、判断基準と具体的な進め方を知りたい。","thought","一人で回す仕組み","","表示案件なし","主導線にはしない","article-04|article-16|article-19","2026-07-10","2027-01-05","KEEP|REMOVE_AFFILIATE|REWRITE|REMOVE_LINK_CTA",""
"noteとX投稿の使い分けで、発信の摩擦を減らす","https://media.soam-creative.com/articles/article-13","SNS・note運用","SNSやnoteで商品・サービスの発信を続けたい個人事業主・小規模事業者","発信の目的と相手が曖昧になり、投稿を続けても販売や相談につながりにくい。","「noteとX投稿の使い分けで、発信の摩擦を減らす」について、判断基準と具体的な進め方を知りたい。","sns","必要な人へ届ける","ai-blog-gold","active案件・記事テーマ一致を確認","主導線にはしない","article-18|article-24|article-29","2026-07-12","2026-08-10","KEEP|REMOVE_AFFILIATE|ADD_AFFILIATE|REWRITE|REMOVE_LINK_CTA",""
"美容サロンの集客を軽くする診断コンテンツの作り方","https://media.soam-creative.com/articles/article-14","診断ツール活用","診断や質問を使って、顧客の迷いを整理したい小規模事業者・個人サービス提供者","診断結果を見せるだけになり、読者が自分に合う次の行動を選べていない。","「美容サロンの集客を軽くする診断コンテンツの作り方」について、判断基準と具体的な進め方を知りたい。","diagnosis","判断を言葉にする","gleasin","active案件・記事テーマ一致を確認","主導線にはしない","article-10|article-20|article-25","2026-07-13","2026-08-11","KEEP|REWRITE|REMOVE_LINK_CTA",""
"予約が埋まらない時にまず見直す4つの場所","https://media.soam-creative.com/articles/article-15","業界別マーケティング","集客や販売を一人で担っている小規模事業者・個人サービス提供者","発信や施策を増やしても、必要な人が次に何をすればよいか伝わっていない。","「予約が埋まらない時にまず見直す4つの場所」について、判断基準と具体的な進め方を知りたい。","marketing","必要な人へ届ける","localgoat","active案件・記事テーマ一致を確認","主導線にはしない","article-05|article-11|article-03","2026-07-13","2026-08-11","KEEP|REMOVE_AFFILIATE|REWRITE|REMOVE_LINK_CTA",""
"仕事が止まる理由は、能力ではなく「待ち」にある","https://media.soam-creative.com/articles/article-16","AI活用","AIを仕事に取り入れたい個人事業主・小規模事業者","AIへ任せる範囲と、人が確認する範囲を分けられず、かえって作業が増えている。","「仕事が止まる理由は、能力ではなく「待ち」にある」について、判断基準と具体的な進め方を知りたい。","thought","一人で回す仕組み","","表示案件なし","主導線にはしない","article-04|article-12|article-19","2026-07-13","2027-01-08","KEEP|REMOVE_AFFILIATE|REWRITE|REMOVE_LINK_CTA",""
"店舗ビジネスの無料相談導線の作り方と設計の考え方","https://media.soam-creative.com/articles/article-17","LP・Web集客","LPやWebサイトから相談・販売につなげたい個人事業主・小規模事業者","ページに情報はあるものの、読者が判断して次へ進むための順番が整っていない。","「店舗ビジネスの無料相談導線の作り方と設計の考え方」について、判断基準と具体的な進め方を知りたい。","lp","必要な人へ届ける","coconala|localgoat","active案件・記事テーマ一致を確認","主導線にはしない","article-23|article-43|article-50","2026-07-14","2026-08-12","KEEP|REMOVE_AFFILIATE|ADD_AFFILIATE|REWRITE|REMOVE_LINK_CTA",""
"保存される投稿の作り方：見返される情報の設計を考える","https://media.soam-creative.com/articles/article-18","SNS・note運用","SNSやnoteで商品・サービスの発信を続けたい個人事業主・小規模事業者","発信の目的と相手が曖昧になり、投稿を続けても販売や相談につながりにくい。","「保存される投稿の作り方：見返される情報の設計を考える」について、判断基準と具体的な進め方を知りたい。","sns","必要な人へ届ける","ai-blog-gold","active案件・記事テーマ一致を確認","主導線にはしない","article-13|article-24|article-29","2026-07-14","2026-08-12","KEEP|REMOVE_AFFILIATE|ADD_AFFILIATE|REWRITE|REMOVE_LINK_CTA",""
"AIに任せる前に、まず自分の仕事を見つめ直す時間を","https://media.soam-creative.com/articles/article-19","AI活用","AIを仕事に取り入れたい個人事業主・小規模事業者","AIへ任せる範囲と、人が確認する範囲を分けられず、かえって作業が増えている。","「AIに任せる前に、まず自分の仕事を見つめ直す時間を」について、判断基準と具体的な進め方を知りたい。","thought","一人で回す仕組み","","表示案件なし","主導線にはしない","article-12|article-16|article-04","2026-07-14","2027-01-09","KEEP|REMOVE_AFFILIATE|REWRITE|REMOVE_LINK_CTA",""
"診断結果ページで離脱されない設計の考え方","https://media.soam-creative.com/articles/article-20","診断ツール活用","診断や質問を使って、顧客の迷いを整理したい小規模事業者・個人サービス提供者","診断結果を見せるだけになり、読者が自分に合う次の行動を選べていない。","「診断結果ページで離脱されない設計の考え方」について、判断基準と具体的な進め方を知りたい。","diagnosis","判断を言葉にする","gleasin","active案件・記事テーマ一致を確認","主導線にはしない","article-10|article-14|article-25","2026-07-15","2026-08-13","KEEP|REWRITE|REMOVE_LINK_CTA",""
"請求書作成をAIと無料ツールで軽くする実務ガイド","https://media.soam-creative.com/articles/article-21","アフィリエイト・収益化","商品やサービスを紹介し、誠実な収益導線を作りたい個人事業主・発信者","読者の課題解決と広告収益を、押し売りにならない形で両立できていない。","「請求書作成をAIと無料ツールで軽くする実務ガイド」について、判断基準と具体的な進め方を知りたい。","affiliate","必要な人へ届ける","value-ai-writer|mitsumotaro","active案件・記事テーマ一致を確認","主導線にはしない","article-08|article-09|article-01","2026-07-15","2026-08-13","KEEP|REMOVE_AFFILIATE|ADD_AFFILIATE|REWRITE|REMOVE_LINK_CTA",""
"業種別に考える、集客導線の摩擦を減らす設計図","https://media.soam-creative.com/articles/article-22","業界別マーケティング","集客や販売を一人で担っている小規模事業者・個人サービス提供者","発信や施策を増やしても、必要な人が次に何をすればよいか伝わっていない。","「業種別に考える、集客導線の摩擦を減らす設計図」について、判断基準と具体的な進め方を知りたい。","marketing","必要な人へ届ける","","表示案件なし","表示条件に一致","article-11|article-15|article-03","2026-07-15","2027-01-10","KEEP|REMOVE_AFFILIATE|REWRITE",""
"問い合わせが増えないLPの共通点と店舗が見直すべき導線","https://media.soam-creative.com/articles/article-23","LP・Web集客","LPやWebサイトから相談・販売につなげたい個人事業主・小規模事業者","ページに情報はあるものの、読者が判断して次へ進むための順番が整っていない。","「問い合わせが増えないLPの共通点と店舗が見直すべき導線」について、判断基準と具体的な進め方を知りたい。","lp","必要な人へ届ける","localgoat","active案件・記事テーマ一致を確認","主導線にはしない","article-17|article-43|article-50","2026-07-16","2026-08-14","KEEP|REMOVE_AFFILIATE|ADD_AFFILIATE|REWRITE|REMOVE_LINK_CTA",""
"保存される投稿の作り方。バズより「あとで見たい」を狙う","https://media.soam-creative.com/articles/article-24","SNS・note運用","SNSやnoteで商品・サービスの発信を続けたい個人事業主・小規模事業者","発信の目的と相手が曖昧になり、投稿を続けても販売や相談につながりにくい。","「保存される投稿の作り方。バズより「あとで見たい」を狙う」について、判断基準と具体的な進め方を知りたい。","sns","必要な人へ届ける","ai-blog-gold","active案件・記事テーマ一致を確認","主導線にはしない","article-13|article-18|article-29","2026-07-16","2026-08-14","KEEP|REMOVE_AFFILIATE|ADD_AFFILIATE|REWRITE|REMOVE_LINK_CTA",""
"美容サロンの集客に診断ツールが強い理由と使いどころ","https://media.soam-creative.com/articles/article-25","診断ツール活用","診断や質問を使って、顧客の迷いを整理したい小規模事業者・個人サービス提供者","診断結果を見せるだけになり、読者が自分に合う次の行動を選べていない。","「美容サロンの集客に診断ツールが強い理由と使いどころ」について、判断基準と具体的な進め方を知りたい。","diagnosis","判断を言葉にする","gleasin","active案件・記事テーマ一致を確認","主導線にはしない","article-14|article-20|article-10","2026-07-17","2026-08-15","KEEP|REWRITE|REMOVE_LINK_CTA",""
"個人事業主が会計ソフトを選ぶときに見るべき5つのポイント","https://media.soam-creative.com/articles/article-26","アフィリエイト・収益化","商品やサービスを紹介し、誠実な収益導線を作りたい個人事業主・発信者","読者の課題解決と広告収益を、押し売りにならない形で両立できていない。","「個人事業主が会計ソフトを選ぶときに見るべき5つのポイント」について、判断基準と具体的な進め方を知りたい。","affiliate","必要な人へ届ける","moneyforward-accounting|tax-audit-membership","active案件・記事テーマ一致を確認","主導線にはしない","article-09|article-21|article-01","2026-07-17","2026-08-15","KEEP|REMOVE_AFFILIATE|REWRITE|REMOVE_LINK_CTA",""
"仕事が止まる理由は、能力じゃなく「摩擦」かもしれない","https://media.soam-creative.com/articles/article-27","AI活用","AIを仕事に取り入れたい個人事業主・小規模事業者","AIへ任せる範囲と、人が確認する範囲を分けられず、かえって作業が増えている。","「仕事が止まる理由は、能力じゃなく「摩擦」かもしれない」について、判断基準と具体的な進め方を知りたい。","thought","一人で回す仕組み","","表示案件なし","主導線にはしない","article-16|article-19|article-04","2026-07-17","2027-01-12","KEEP|REMOVE_AFFILIATE|REWRITE|REMOVE_LINK_CTA",""
"小さな通販店が発信を続けるための現実的な仕組み作り","https://media.soam-creative.com/articles/article-28","業界別マーケティング","集客や販売を一人で担っている小規模事業者・個人サービス提供者","発信や施策を増やしても、必要な人が次に何をすればよいか伝わっていない。","「小さな通販店が発信を続けるための現実的な仕組み作り」について、判断基準と具体的な進め方を知りたい。","marketing","必要な人へ届ける","ai-blog-gold","active案件・記事テーマ一致を確認","主導線にはしない","article-15|article-22|article-03","2026-07-18","2026-08-16","KEEP|REMOVE_AFFILIATE|REWRITE|REMOVE_LINK_CTA",""
"note記事とX投稿の使い分けで発信の手間を軽くする","https://media.soam-creative.com/articles/article-29","SNS・note運用","SNSやnoteで商品・サービスの発信を続けたい個人事業主・小規模事業者","発信の目的と相手が曖昧になり、投稿を続けても販売や相談につながりにくい。","「note記事とX投稿の使い分けで発信の手間を軽くする」について、判断基準と具体的な進め方を知りたい。","sns","必要な人へ届ける","value-ai-writer|ai-blog-gold","active案件・記事テーマ一致を確認","主導線にはしない","article-18|article-24|article-13","2026-07-18","2026-08-16","KEEP|REMOVE_AFFILIATE|ADD_AFFILIATE|REWRITE|REMOVE_LINK_CTA",""
"毎日の仕事を軽くする、はじめての業務テンプレート設計","https://media.soam-creative.com/articles/article-30","テンプレート・教材","繰り返す仕事や確認の往復を減らしたい個人事業主・小規模事業者","同じ内容を毎回考え直し、確認漏れや手戻りが起きている。","「毎日の仕事を軽くする、はじめての業務テンプレート設計」について、判断基準と具体的な進め方を知りたい。","howto","一人で回す仕組み","miricanvas","active案件・記事テーマ一致を確認","主導線にはしない","article-27|article-31|article-32","2026-07-18","2026-08-16","KEEP|REMOVE_AFFILIATE|ADD_AFFILIATE|REWRITE",""
"引き継ぎで迷わないためのチェックリストの作り方","https://media.soam-creative.com/articles/article-31","テンプレート・教材","繰り返す仕事や確認の往復を減らしたい個人事業主・小規模事業者","同じ内容を毎回考え直し、確認漏れや手戻りが起きている。","「引き継ぎで迷わないためのチェックリストの作り方」について、判断基準と具体的な進め方を知りたい。","howto","一人で回す仕組み","","表示案件なし","主導線にはしない","article-30|article-32|article-67","2026-07-18","2027-01-13","KEEP|REMOVE_AFFILIATE|REWRITE",""
"AIに渡す前に整える、依頼文テンプレートの基本","https://media.soam-creative.com/articles/article-32","テンプレート・教材","繰り返す仕事や確認の往復を減らしたい個人事業主・小規模事業者","同じ内容を毎回考え直し、確認漏れや手戻りが起きている。","「AIに渡す前に整える、依頼文テンプレートの基本」について、判断基準と具体的な進め方を知りたい。","howto","一人で回す仕組み","miricanvas|coconala","active案件・記事テーマ一致を確認","主導線にはしない","article-12|article-30|article-31","2026-07-18","2026-08-16","KEEP|REMOVE_AFFILIATE|ADD_AFFILIATE|REWRITE",""
"すれ違いを増やさないために、気持ちを言葉にする順番","https://media.soam-creative.com/articles/article-33","恋愛・人間関係","人間関係の中で、自分の気持ちと相手への伝え方を整理したい人","事実と想像、希望と不安が混ざり、次の言葉や行動を選びにくくなっている。","「すれ違いを増やさないために、気持ちを言葉にする順番」について、判断基準と具体的な進め方を知りたい。","guide","判断を言葉にする","newma","active案件・記事テーマ一致を確認","主導線にはしない","article-34|article-35|article-10","2026-07-18","2026-08-16","KEEP|REWRITE|HOLD|NOINDEX_CANDIDATE",""
"返信が遅いと不安になるとき、決めつける前に整理したいこと","https://media.soam-creative.com/articles/article-34","恋愛・人間関係","人間関係の中で、自分の気持ちと相手への伝え方を整理したい人","事実と想像、希望と不安が混ざり、次の言葉や行動を選びにくくなっている。","「返信が遅いと不安になるとき、決めつける前に整理したいこと」について、判断基準と具体的な進め方を知りたい。","guide","判断を言葉にする","newma","active案件・記事テーマ一致を確認","主導線にはしない","article-33|article-35|article-10","2026-07-18","2026-08-16","KEEP|REWRITE|HOLD|NOINDEX_CANDIDATE",""
"関係を続けるために、境界線を穏やかに伝える方法","https://media.soam-creative.com/articles/article-35","恋愛・人間関係","人間関係の中で、自分の気持ちと相手への伝え方を整理したい人","事実と想像、希望と不安が混ざり、次の言葉や行動を選びにくくなっている。","「関係を続けるために、境界線を穏やかに伝える方法」について、判断基準と具体的な進め方を知りたい。","guide","判断を言葉にする","newma","active案件・記事テーマ一致を確認","主導線にはしない","article-33|article-34|article-10","2026-07-18","2026-08-16","KEEP|REWRITE|HOLD|NOINDEX_CANDIDATE",""
"占いを答え合わせで終わらせない、気持ちを整理する使い方","https://media.soam-creative.com/articles/article-36","占い・診断","診断や占いを答えとしてではなく、自分の判断材料として使いたい人","結果を受け取るだけになり、自分で選ぶための問いや確認が不足している。","「占いを答え合わせで終わらせない、気持ちを整理する使い方」について、判断基準と具体的な進め方を知りたい。","guide","判断を言葉にする","iraada","active案件・記事テーマ一致を確認","主導線にはしない","article-37|article-38|article-10","2026-07-18","2026-08-16","KEEP|REWRITE|HOLD|NOINDEX_CANDIDATE",""
"診断結果を次の行動に変えるための3つの問い","https://media.soam-creative.com/articles/article-37","占い・診断","診断や占いを答えとしてではなく、自分の判断材料として使いたい人","結果を受け取るだけになり、自分で選ぶための問いや確認が不足している。","「診断結果を次の行動に変えるための3つの問い」について、判断基準と具体的な進め方を知りたい。","guide","判断を言葉にする","iraada","active案件・記事テーマ一致を確認","主導線にはしない","article-36|article-38|article-10","2026-07-18","2026-08-16","KEEP|REWRITE|HOLD|NOINDEX_CANDIDATE",""
"迷いがある日に、自分の選択を見つめ直す小さな習慣","https://media.soam-creative.com/articles/article-38","占い・診断","診断や占いを答えとしてではなく、自分の判断材料として使いたい人","結果を受け取るだけになり、自分で選ぶための問いや確認が不足している。","「迷いがある日に、自分の選択を見つめ直す小さな習慣」について、判断基準と具体的な進め方を知りたい。","guide","判断を言葉にする","iraada","active案件・記事テーマ一致を確認","主導線にはしない","article-36|article-37|article-10","2026-07-18","2026-08-16","KEEP|REWRITE|HOLD|NOINDEX_CANDIDATE",""
"暮らしの小さな面倒を減らす、週に一度の整え方","https://media.soam-creative.com/articles/article-39","暮らし・その他","日々の記録・整理・判断を一人で抱え、負担を軽くしたい人","情報や予定が散らばり、必要なときに判断材料を取り出せない。","「暮らしの小さな面倒を減らす、週に一度の整え方」について、判断基準と具体的な進め方を知りたい。","howto","一人で回す仕組み","","表示案件なし","主導線にはしない","article-40|article-41|article-04","2026-07-18","2027-01-13","KEEP|REWRITE",""
"やることが多い日に、頭の中を軽くするメモの使い方","https://media.soam-creative.com/articles/article-40","暮らし・その他","日々の記録・整理・判断を一人で抱え、負担を軽くしたい人","情報や予定が散らばり、必要なときに判断材料を取り出せない。","「やることが多い日に、頭の中を軽くするメモの使い方」について、判断基準と具体的な進め方を知りたい。","howto","一人で回す仕組み","plaud-note","active案件・記事テーマ一致を確認","主導線にはしない","article-39|article-41|article-04","2026-07-18","2026-08-16","KEEP|ADD_AFFILIATE|REWRITE",""
"疲れた日に判断を増やさないための、いつもの仕組み","https://media.soam-creative.com/articles/article-41","暮らし・その他","日々の記録・整理・判断を一人で抱え、負担を軽くしたい人","情報や予定が散らばり、必要なときに判断材料を取り出せない。","「疲れた日に判断を増やさないための、いつもの仕組み」について、判断基準と具体的な進め方を知りたい。","howto","一人で回す仕組み","","表示案件なし","主導線にはしない","article-39|article-40|article-04","2026-07-18","2027-01-13","KEEP|REWRITE",""
"AIに任せる前に考える、自分の仕事の輪郭","https://media.soam-creative.com/articles/article-42","AI活用","AIを仕事に取り入れたい個人事業主・小規模事業者","AIへ任せる範囲と、人が確認する範囲を分けられず、かえって作業が増えている。","「AIに任せる前に考える、自分の仕事の輪郭」について、判断基準と具体的な進め方を知りたい。","thought","一人で回す仕組み","","表示案件なし","主導線にはしない","article-19|article-27|article-04","2026-07-18","2027-01-13","KEEP|REMOVE_AFFILIATE|REWRITE|REMOVE_LINK_CTA",""
"LPのファーストビューで離脱される理由と店舗の見直し方","https://media.soam-creative.com/articles/article-43","LP・Web集客","LPやWebサイトから相談・販売につなげたい個人事業主・小規模事業者","ページに情報はあるものの、読者が判断して次へ進むための順番が整っていない。","「LPのファーストビューで離脱される理由と店舗の見直し方」について、判断基準と具体的な進め方を知りたい。","lp","必要な人へ届ける","localgoat","active案件・記事テーマ一致を確認","主導線にはしない","article-17|article-23|article-50","2026-07-19","2026-08-17","KEEP|REMOVE_AFFILIATE|ADD_AFFILIATE|REWRITE|REMOVE_LINK_CTA",""
"小さな美容サロンが発信を続けるための現実的なコツ","https://media.soam-creative.com/articles/article-44","業界別マーケティング","集客や販売を一人で担っている小規模事業者・個人サービス提供者","発信や施策を増やしても、必要な人が次に何をすればよいか伝わっていない。","「小さな美容サロンが発信を続けるための現実的なコツ」について、判断基準と具体的な進め方を知りたい。","marketing","必要な人へ届ける","localgoat","active案件・記事テーマ一致を確認","主導線にはしない","article-22|article-28|article-03","2026-07-19","2026-08-17","KEEP|REWRITE|REMOVE_LINK_CTA",""
"投稿ネタが尽きたと感じる時に、本当に足りていないもの","https://media.soam-creative.com/articles/article-45","SNS・note運用","SNSやnoteで商品・サービスの発信を続けたい個人事業主・小規模事業者","発信の目的と相手が曖昧になり、投稿を続けても販売や相談につながりにくい。","「投稿ネタが尽きたと感じる時に、本当に足りていないもの」について、判断基準と具体的な進め方を知りたい。","sns","必要な人へ届ける","ai-blog-gold","active案件・記事テーマ一致を確認","主導線にはしない","article-24|article-29|article-13","2026-07-19","2026-08-17","KEEP|REMOVE_AFFILIATE|ADD_AFFILIATE|REWRITE|REMOVE_LINK_CTA",""
"小さな店舗の発信を軽くする持続可能なコツ","https://media.soam-creative.com/articles/article-46","AI活用","AIを仕事に取り入れたい個人事業主・小規模事業者","AIへ任せる範囲と、人が確認する範囲を分けられず、かえって作業が増えている。","「小さな店舗の発信を軽くする持続可能なコツ」について、判断基準と具体的な進め方を知りたい。","marketing","一人で回す仕組み","ai-blog-gold","active案件・記事テーマ一致を確認","主導線にはしない","article-27|article-42|article-04","2026-07-21","2026-08-19","KEEP|REMOVE_AFFILIATE|REWRITE|REMOVE_LINK_CTA",""
"美容サロンの診断結果ページでの離脱を防ぐ方法","https://media.soam-creative.com/articles/article-47","診断ツール活用","診断や質問を使って、顧客の迷いを整理したい小規模事業者・個人サービス提供者","診断結果を見せるだけになり、読者が自分に合う次の行動を選べていない。","「美容サロンの診断結果ページでの離脱を防ぐ方法」について、判断基準と具体的な進め方を知りたい。","diagnosis","判断を言葉にする","gleasin","active案件・記事テーマ一致を確認","主導線にはしない","article-20|article-25|article-10","2026-07-22","2026-08-20","KEEP|REWRITE|REMOVE_LINK_CTA",""
"小さな採用店舗が発信を続けるための持続可能な工夫","https://media.soam-creative.com/articles/article-48","業界別マーケティング","集客や販売を一人で担っている小規模事業者・個人サービス提供者","発信や施策を増やしても、必要な人が次に何をすればよいか伝わっていない。","「小さな採用店舗が発信を続けるための持続可能な工夫」について、判断基準と具体的な進め方を知りたい。","marketing","必要な人へ届ける","localgoat|ai-blog-gold","active案件・記事テーマ一致を確認","主導線にはしない","article-28|article-44|article-03","2026-07-22","2026-08-20","KEEP|REMOVE_AFFILIATE|ADD_AFFILIATE|REWRITE|REMOVE_LINK_CTA",""
"SNSとnoteを使って思いを効果的に伝える方法","https://media.soam-creative.com/articles/article-49","SNS・note運用","SNSやnoteで商品・サービスの発信を続けたい個人事業主・小規模事業者","発信の目的と相手が曖昧になり、投稿を続けても販売や相談につながりにくい。","「SNSとnoteを使って思いを効果的に伝える方法」について、判断基準と具体的な進め方を知りたい。","sns","必要な人へ届ける","value-ai-writer|ai-blog-gold","active案件・記事テーマ一致を確認","主導線にはしない","article-29|article-45|article-13","2026-07-22","2026-08-20","KEEP|REMOVE_AFFILIATE|ADD_AFFILIATE|REWRITE|REMOVE_LINK_CTA",""
"店舗ビジネスにおける無料相談導線の作り方","https://media.soam-creative.com/articles/article-50","LP・Web集客","LPやWebサイトから相談・販売につなげたい個人事業主・小規模事業者","ページに情報はあるものの、読者が判断して次へ進むための順番が整っていない。","「店舗ビジネスにおける無料相談導線の作り方」について、判断基準と具体的な進め方を知りたい。","lp","必要な人へ届ける","value-ai-writer|coconala","active案件・記事テーマ一致を確認","主導線にはしない","article-23|article-43|article-17","2026-07-23","2026-08-21","KEEP|REMOVE_AFFILIATE|ADD_AFFILIATE|REWRITE|REMOVE_LINK_CTA",""
"AIと無料ツールで摩擦を減らす請求書作成法","https://media.soam-creative.com/articles/article-51","アフィリエイト・収益化","商品やサービスを紹介し、誠実な収益導線を作りたい個人事業主・発信者","読者の課題解決と広告収益を、押し売りにならない形で両立できていない。","「AIと無料ツールで摩擦を減らす請求書作成法」について、判断基準と具体的な進め方を知りたい。","affiliate","必要な人へ届ける","mitsumotaro|moneyforward-accounting","active案件・記事テーマ一致を確認","主導線にはしない","article-21|article-26|article-01","2026-07-23","2026-08-21","KEEP|REMOVE_AFFILIATE|ADD_AFFILIATE|REWRITE|REMOVE_LINK_CTA",""
"予約が埋まらない原因をAIで見直そう","https://media.soam-creative.com/articles/article-52","AI活用","AIを仕事に取り入れたい個人事業主・小規模事業者","AIへ任せる範囲と、人が確認する範囲を分けられず、かえって作業が増えている。","「予約が埋まらない原因をAIで見直そう」について、判断基準と具体的な進め方を知りたい。","marketing","一人で回す仕組み","localgoat","active案件・記事テーマ一致を確認","主導線にはしない","article-42|article-46|article-04","2026-07-23","2026-08-21","KEEP|REMOVE_AFFILIATE|ADD_AFFILIATE|REWRITE|REMOVE_LINK_CTA",""
"基本から学ぶ診断コンテンツの作り方","https://media.soam-creative.com/articles/article-53","診断ツール活用","診断や質問を使って、顧客の迷いを整理したい小規模事業者・個人サービス提供者","診断結果を見せるだけになり、読者が自分に合う次の行動を選べていない。","「基本から学ぶ診断コンテンツの作り方」について、判断基準と具体的な進め方を知りたい。","diagnosis","判断を言葉にする","gleasin","active案件・記事テーマ一致を確認","主導線にはしない","article-25|article-47|article-10","2026-07-24","2026-08-22","KEEP|REWRITE|REMOVE_LINK_CTA",""
"求人が埋まらないときに見直すべき6つのポイント","https://media.soam-creative.com/articles/article-54","業界別マーケティング","集客や販売を一人で担っている小規模事業者・個人サービス提供者","発信や施策を増やしても、必要な人が次に何をすればよいか伝わっていない。","「求人が埋まらないときに見直すべき6つのポイント」について、判断基準と具体的な進め方を知りたい。","marketing","必要な人へ届ける","value-ai-writer|ai-blog-gold","active案件・記事テーマ一致を確認","主導線にはしない","article-44|article-48|article-03","2026-07-24","2026-08-22","KEEP|REMOVE_AFFILIATE|ADD_AFFILIATE|REWRITE|REMOVE_LINK_CTA",""
"note記事とX投稿の違いを理解して使い分ける","https://media.soam-creative.com/articles/article-55","SNS・note運用","SNSやnoteで商品・サービスの発信を続けたい個人事業主・小規模事業者","発信の目的と相手が曖昧になり、投稿を続けても販売や相談につながりにくい。","「note記事とX投稿の違いを理解して使い分ける」について、判断基準と具体的な進め方を知りたい。","sns","必要な人へ届ける","value-ai-writer|ai-blog-gold","active案件・記事テーマ一致を確認","主導線にはしない","article-45|article-49|article-13","2026-07-24","2026-08-22","KEEP|REMOVE_AFFILIATE|ADD_AFFILIATE|REWRITE|REMOVE_LINK_CTA",""
"個人事業主が成功する無料相談導線の作り方","https://media.soam-creative.com/articles/article-56","LP・Web集客","LPやWebサイトから相談・販売につなげたい個人事業主・小規模事業者","ページに情報はあるものの、読者が判断して次へ進むための順番が整っていない。","「個人事業主が成功する無料相談導線の作り方」について、判断基準と具体的な進め方を知りたい。","lp","必要な人へ届ける","coconala","active案件・記事テーマ一致を確認","主導線にはしない","article-43|article-50|article-17","2026-07-25","2026-08-23","KEEP|REMOVE_AFFILIATE|ADD_AFFILIATE|REWRITE|REMOVE_LINK_CTA",""
"AIと無料ツールで手軽に請求書作成を始めよう","https://media.soam-creative.com/articles/article-57","アフィリエイト・収益化","商品やサービスを紹介し、誠実な収益導線を作りたい個人事業主・発信者","読者の課題解決と広告収益を、押し売りにならない形で両立できていない。","「AIと無料ツールで手軽に請求書作成を始めよう」について、判断基準と具体的な進め方を知りたい。","affiliate","必要な人へ届ける","mitsumotaro|moneyforward-accounting","active案件・記事テーマ一致を確認","主導線にはしない","article-26|article-51|article-01","2026-07-25","2026-08-23","KEEP|REMOVE_AFFILIATE|ADD_AFFILIATE|REWRITE|REMOVE_LINK_CTA",""
"AIに任せる前に考えるべきこととは","https://media.soam-creative.com/articles/article-58","AI活用","AIを仕事に取り入れたい個人事業主・小規模事業者","AIへ任せる範囲と、人が確認する範囲を分けられず、かえって作業が増えている。","「AIに任せる前に考えるべきこととは」について、判断基準と具体的な進め方を知りたい。","thought","一人で回す仕組み","","表示案件なし","主導線にはしない","article-46|article-52|article-04","2026-07-25","2027-01-20","KEEP|REMOVE_AFFILIATE|REWRITE|REMOVE_LINK_CTA",""
"コーチ・講師業の店舗が発信を続ける方法","https://media.soam-creative.com/articles/article-59","業界別マーケティング","集客や販売を一人で担っている小規模事業者・個人サービス提供者","発信や施策を増やしても、必要な人が次に何をすればよいか伝わっていない。","「コーチ・講師業の店舗が発信を続ける方法」について、判断基準と具体的な進め方を知りたい。","marketing","必要な人へ届ける","ai-blog-gold|localgoat","active案件・記事テーマ一致を確認","主導線にはしない","article-48|article-54|article-03","2026-07-26","2026-08-24","KEEP|REWRITE|REMOVE_LINK_CTA",""
"投稿ネタ不足を感じた時の乗り越え方","https://media.soam-creative.com/articles/article-60","SNS・note運用","SNSやnoteで商品・サービスの発信を続けたい個人事業主・小規模事業者","発信の目的と相手が曖昧になり、投稿を続けても販売や相談につながりにくい。","「投稿ネタ不足を感じた時の乗り越え方」について、判断基準と具体的な進め方を知りたい。","sns","必要な人へ届ける","ai-blog-gold","active案件・記事テーマ一致を確認","主導線にはしない","article-49|article-55|article-13","2026-07-26","2026-08-24","KEEP|REMOVE_AFFILIATE|ADD_AFFILIATE|REWRITE|REMOVE_LINK_CTA",""
"診断結果ページでの離脱を防ぐ方法と工夫","https://media.soam-creative.com/articles/article-61","診断ツール活用","診断や質問を使って、顧客の迷いを整理したい小規模事業者・個人サービス提供者","診断結果を見せるだけになり、読者が自分に合う次の行動を選べていない。","「診断結果ページでの離脱を防ぐ方法と工夫」について、判断基準と具体的な進め方を知りたい。","diagnosis","判断を言葉にする","gleasin","active案件・記事テーマ一致を確認","主導線にはしない","article-47|article-53|article-10","2026-07-27","2026-08-25","KEEP|REWRITE|REMOVE_LINK_CTA",""
"個人サービスのやり取りを整える、対応範囲を言葉にする方法","https://media.soam-creative.com/articles/article-62","個人サービス","講師、コーチ、カウンセラー、コンサルタントなど、自分でサービスを提供し、問い合わせや個別対応の範囲に迷っている人。","提供範囲や依頼条件が曖昧で、相談後の認識違いや追加対応が起きている。","「個人サービスのやり取りを整える、対応範囲を言葉にする方法」について、判断基準と具体的な進め方を知りたい。","guide","判断を言葉にする","coconala","active案件・記事テーマ一致を確認","主導線にはしない","article-10|article-14|article-20","2026-07-27","2026-08-25","KEEP|REWRITE",""
"小さなコーチ・講師業の発信を続ける秘訣","https://media.soam-creative.com/articles/article-63","業界別マーケティング","集客や販売を一人で担っている小規模事業者・個人サービス提供者","発信や施策を増やしても、必要な人が次に何をすればよいか伝わっていない。","「小さなコーチ・講師業の発信を続ける秘訣」について、判断基準と具体的な進め方を知りたい。","marketing","必要な人へ届ける","ai-blog-gold|localgoat","active案件・記事テーマ一致を確認","主導線にはしない","article-54|article-59|article-03","2026-07-27","2026-08-25","KEEP|REWRITE|REMOVE_LINK_CTA",""
"AIに任せる作業を決めるための、小さな業務棚卸しの進め方","https://media.soam-creative.com/articles/article-64","AI・業務効率化","AIを仕事に取り入れたい小規模事業者・個人事業主。業務を効率化したいものの、何から整理すればよいかわからない人。","AIへ任せる範囲と、人が確認する範囲を分けられず、かえって作業が増えている。","「AIに任せる作業を決めるための、小さな業務棚卸しの進め方」について、判断基準と具体的な進め方を知りたい。","howto","一人で回す仕組み","","表示案件なし","主導線にはしない","article-12|article-19|article-42","2026-07-27","2027-01-22","KEEP|REMOVE_AFFILIATE|REWRITE",""
"小さな店舗が持続的に発信を続けるためのポイント","https://media.soam-creative.com/articles/article-65","AI活用","AIを仕事に取り入れたい個人事業主・小規模事業者","AIへ任せる範囲と、人が確認する範囲を分けられず、かえって作業が増えている。","「小さな店舗が持続的に発信を続けるためのポイント」について、判断基準と具体的な進め方を知りたい。","marketing","一人で回す仕組み","ai-blog-gold","active案件・記事テーマ一致を確認","主導線にはしない","article-58|article-64|article-04","2026-07-27","2026-08-25","KEEP|REMOVE_AFFILIATE|REWRITE|REMOVE_LINK_CTA",""
"無料相談導線で店舗ビジネスの集客を軽くする方法","https://media.soam-creative.com/articles/article-66","LP・Web集客","LPやWebサイトから相談・販売につなげたい個人事業主・小規模事業者","ページに情報はあるものの、読者が判断して次へ進むための順番が整っていない。","「無料相談導線で店舗ビジネスの集客を軽くする方法」について、判断基準と具体的な進め方を知りたい。","lp","必要な人へ届ける","coconala|localgoat","active案件・記事テーマ一致を確認","主導線にはしない","article-50|article-56|article-17","2026-07-28","2026-08-26","KEEP|REMOVE_AFFILIATE|ADD_AFFILIATE|REWRITE|REMOVE_LINK_CTA",""
"依頼のすれ違いを減らす、最初の確認メモの作り方","https://media.soam-creative.com/articles/article-67","テンプレート・教材","デザイン、ライティング、動画制作、Web制作、資料作成などを受託している個人事業主。依頼者との認識違いや後からの追加要望に悩んでいる人。","同じ内容を毎回考え直し、確認漏れや手戻りが起きている。","「依頼のすれ違いを減らす、最初の確認メモの作り方」について、判断基準と具体的な進め方を知りたい。","howto","一人で回す仕組み","plaud-note|miricanvas","active案件・記事テーマ一致を確認","主導線にはしない","article-30|article-31|article-32","2026-07-28","2026-08-26","KEEP|REMOVE_AFFILIATE|ADD_AFFILIATE|REWRITE",""
"保存される投稿を目指す！SNSコンテンツの具体策","https://media.soam-creative.com/articles/article-68","SNS・note運用","SNSやnoteで商品・サービスの発信を続けたい個人事業主・小規模事業者","発信の目的と相手が曖昧になり、投稿を続けても販売や相談につながりにくい。","「保存される投稿を目指す！SNSコンテンツの具体策」について、判断基準と具体的な進め方を知りたい。","sns","必要な人へ届ける","value-ai-writer|ai-blog-gold","active案件・記事テーマ一致を確認","主導線にはしない","article-55|article-60|article-13","2026-07-28","2026-08-26","KEEP|REMOVE_AFFILIATE|ADD_AFFILIATE|REWRITE|REMOVE_LINK_CTA",""
"投稿ネタ不足時のAI活用と発想の転換","https://media.soam-creative.com/articles/article-69","AI活用","AIを仕事に取り入れたい個人事業主・小規模事業者","AIへ任せる範囲と、人が確認する範囲を分けられず、かえって作業が増えている。","「投稿ネタ不足時のAI活用と発想の転換」について、判断基準と具体的な進め方を知りたい。","sns","一人で回す仕組み","ai-blog-gold","active案件・記事テーマ一致を確認","主導線にはしない","article-64|article-65|article-04","2026-07-28","2026-08-26","KEEP|REMOVE_AFFILIATE|ADD_AFFILIATE|REWRITE|REMOVE_LINK_CTA",""
"店舗ビジネスを成功に導く診断コンテンツの基本","https://media.soam-creative.com/articles/article-70","診断ツール活用","診断や質問を使って、顧客の迷いを整理したい小規模事業者・個人サービス提供者","診断結果を見せるだけになり、読者が自分に合う次の行動を選べていない。","「店舗ビジネスを成功に導く診断コンテンツの基本」について、判断基準と具体的な進め方を知りたい。","diagnosis","判断を言葉にする","gleasin","active案件・記事テーマ一致を確認","主導線にはしない","article-53|article-61|article-10","2026-07-29","2026-08-27","KEEP|REWRITE|REMOVE_LINK_CTA",""
"AIと無料ツールで簡単に請求書を作成する方法","https://media.soam-creative.com/articles/article-71","アフィリエイト・収益化","商品やサービスを紹介し、誠実な収益導線を作りたい個人事業主・発信者","読者の課題解決と広告収益を、押し売りにならない形で両立できていない。","「AIと無料ツールで簡単に請求書を作成する方法」について、判断基準と具体的な進め方を知りたい。","affiliate","必要な人へ届ける","moneyforward-accounting","active案件・記事テーマ一致を確認","主導線にはしない","article-51|article-57|article-01","2026-07-29","2026-08-27","KEEP|REMOVE_AFFILIATE|REWRITE|REMOVE_LINK_CTA",""
"夜職で成功するための集客導線の構築法","https://media.soam-creative.com/articles/article-72","業界別マーケティング","集客や販売を一人で担っている小規模事業者・個人サービス提供者","発信や施策を増やしても、必要な人が次に何をすればよいか伝わっていない。","「夜職で成功するための集客導線の構築法」について、判断基準と具体的な進め方を知りたい。","marketing","必要な人へ届ける","","表示案件なし","表示条件に一致","article-59|article-63|article-03","2026-07-29","2027-01-24","KEEP|REMOVE_AFFILIATE|REWRITE",""
"問い合わせが増えないLPの共通点と改善法","https://media.soam-creative.com/articles/article-73","LP・Web集客","LPやWebサイトから相談・販売につなげたい個人事業主・小規模事業者","ページに情報はあるものの、読者が判断して次へ進むための順番が整っていない。","「問い合わせが増えないLPの共通点と改善法」について、判断基準と具体的な進め方を知りたい。","lp","必要な人へ届ける","","表示案件なし","表示条件に一致","article-56|article-66|article-17","2026-07-30","2027-01-25","KEEP|REMOVE_AFFILIATE|REWRITE",""
"保存される投稿を作るためのポイントとテクニック","https://media.soam-creative.com/articles/article-74","SNS・note運用","SNSやnoteで商品・サービスの発信を続けたい個人事業主・小規模事業者","発信の目的と相手が曖昧になり、投稿を続けても販売や相談につながりにくい。","「保存される投稿を作るためのポイントとテクニック」について、判断基準と具体的な進め方を知りたい。","sns","必要な人へ届ける","ai-blog-gold","active案件・記事テーマ一致を確認","主導線にはしない","article-60|article-68|article-13","2026-07-30","2026-08-28","KEEP|REMOVE_AFFILIATE|ADD_AFFILIATE|REWRITE|REMOVE_LINK_CTA",""
"発信を続けるための考え方とAI活用術","https://media.soam-creative.com/articles/article-75","AI活用","AIを仕事に取り入れたい個人事業主・小規模事業者","AIへ任せる範囲と、人が確認する範囲を分けられず、かえって作業が増えている。","「発信を続けるための考え方とAI活用術」について、判断基準と具体的な進め方を知りたい。","thought","一人で回す仕組み","ai-blog-gold","active案件・記事テーマ一致を確認","主導線にはしない","article-65|article-69|article-04","2026-07-30","2026-08-28","KEEP|REMOVE_AFFILIATE|REWRITE|REMOVE_LINK_CTA",""
"個人事業主向け診断コンテンツ作成の基本","https://media.soam-creative.com/articles/article-76","診断ツール活用","診断や質問を使って、顧客の迷いを整理したい小規模事業者・個人サービス提供者","診断結果を見せるだけになり、読者が自分に合う次の行動を選べていない。","「個人事業主向け診断コンテンツ作成の基本」について、判断基準と具体的な進め方を知りたい。","diagnosis","判断を言葉にする","gleasin","active案件・記事テーマ一致を確認","主導線にはしない","article-61|article-70|article-10","2026-07-31","2026-08-29","KEEP|REWRITE|REMOVE_LINK_CTA",""
"AIと無料ツールで簡単！請求書作成を効率化する方法","https://media.soam-creative.com/articles/article-77","アフィリエイト・収益化","商品やサービスを紹介し、誠実な収益導線を作りたい個人事業主・発信者","読者の課題解決と広告収益を、押し売りにならない形で両立できていない。","「AIと無料ツールで簡単！請求書作成を効率化する方法」について、判断基準と具体的な進め方を知りたい。","affiliate","必要な人へ届ける","mitsumotaro|moneyforward-accounting","active案件・記事テーマ一致を確認","主導線にはしない","article-57|article-71|article-01","2026-07-31","2026-08-29","KEEP|REMOVE_AFFILIATE|ADD_AFFILIATE|REWRITE|REMOVE_LINK_CTA",""
"整体・エステ業界で「予約が埋まらない時に見直す場所」","https://media.soam-creative.com/articles/article-78","業界別マーケティング","集客や販売を一人で担っている小規模事業者・個人サービス提供者","発信や施策を増やしても、必要な人が次に何をすればよいか伝わっていない。","「整体・エステ業界で「予約が埋まらない時に見直す場所」」について、判断基準と具体的な進め方を知りたい。","marketing","必要な人へ届ける","localgoat","active案件・記事テーマ一致を確認","主導線にはしない","article-63|article-72|article-03","2026-07-31","2026-08-29","KEEP|REWRITE|REMOVE_LINK_CTA",""
"問い合わせが増えないLPの原因と改善策","https://media.soam-creative.com/articles/article-79","LP・Web集客","LPやWebサイトから相談・販売につなげたい個人事業主・小規模事業者","ページに情報はあるものの、読者が判断して次へ進むための順番が整っていない。","「問い合わせが増えないLPの原因と改善策」について、判断基準と具体的な進め方を知りたい。","lp","必要な人へ届ける","value-ai-writer|ai-blog-gold","active案件・記事テーマ一致を確認","主導線にはしない","article-66|article-73|article-17","2026-08-01","2026-08-30","KEEP|REMOVE_AFFILIATE|ADD_AFFILIATE|REWRITE|REMOVE_LINK_CTA",""
"打ち合わせ後の連絡を軽くする、メモから次の行動へつなぐ方法","https://media.soam-creative.com/articles/article-80","AI・業務効率化","顧客との打ち合わせや相談を一人で担当している個人事業主。記録や連絡の抜け漏れを減らし、対応にかかる負担を軽くしたい人。","AIへ任せる範囲と、人が確認する範囲を分けられず、かえって作業が増えている。","「打ち合わせ後の連絡を軽くする、メモから次の行動へつなぐ方法」について、判断基準と具体的な進め方を知りたい。","howto","一人で回す仕組み","plaud-note","active案件・記事テーマ一致を確認","主導線にはしない","article-16|article-64|article-04","2026-08-01","2026-08-30","KEEP|REMOVE_AFFILIATE|REWRITE",""
"投稿ネタが尽きたときの新しい視点の持ち方","https://media.soam-creative.com/articles/article-81","SNS・note運用","SNSやnoteで商品・サービスの発信を続けたい個人事業主・小規模事業者","発信の目的と相手が曖昧になり、投稿を続けても販売や相談につながりにくい。","「投稿ネタが尽きたときの新しい視点の持ち方」について、判断基準と具体的な進め方を知りたい。","sns","必要な人へ届ける","ai-blog-gold","active案件・記事テーマ一致を確認","主導線にはしない","article-68|article-74|article-13","2026-08-01","2026-08-30","KEEP|REMOVE_AFFILIATE|ADD_AFFILIATE|REWRITE|REMOVE_LINK_CTA",""
"画像づくりで迷わないために、先に決めておきたい三つのこと","https://media.soam-creative.com/articles/article-82","動画・画像・デザイン","SNSで商品・サービスを発信している小規模事業者、個人事業主、画像制作を外注したい担当者。","制作の目的や条件を言葉にできず、依頼や確認で手戻りが起きている。","「画像づくりで迷わないために、先に決めておきたい三つのこと」について、判断基準と具体的な進め方を知りたい。","guide","必要な人へ届ける","miricanvas|conoha-ai-canvas","active案件・記事テーマ一致を確認","主導線にはしない","article-01|article-02|article-03","2026-08-01","2026-08-30","KEEP|REWRITE",""
